Cell,Cluster
ola_mES_2i_2_1,1
ola_mES_2i_2_10,1
ola_mES_2i_2_11,1
ola_mES_2i_2_12,1
ola_mES_2i_2_13,1
ola_mES_2i_2_14,1
ola_mES_2i_2_15,1
ola_mES_2i_2_16,1
ola_mES_2i_2_17,1
ola_mES_2i_2_18,1
ola_mES_2i_2_19,1
ola_mES_2i_2_2,1
ola_mES_2i_2_20,1
ola_mES_2i_2_21,1
ola_mES_2i_2_22,1
ola_mES_2i_2_23,1
ola_mES_2i_2_24,1
ola_mES_2i_2_25,1
ola_mES_2i_2_26,1
ola_mES_2i_2_27,1
ola_mES_2i_2_28,1
ola_mES_2i_2_29,1
ola_mES_2i_2_3,1
ola_mES_2i_2_30,1
ola_mES_2i_2_31,1
ola_mES_2i_2_32,1
ola_mES_2i_2_33,1
ola_mES_2i_2_34,1
ola_mES_2i_2_35,1
ola_mES_2i_2_36,1
ola_mES_2i_2_37,1
ola_mES_2i_2_38,1
ola_mES_2i_2_39,1
ola_mES_2i_2_4,1
ola_mES_2i_2_40,1
ola_mES_2i_2_41,1
ola_mES_2i_2_42,1
ola_mES_2i_2_43,1
ola_mES_2i_2_44,1
ola_mES_2i_2_46,1
ola_mES_2i_2_47,1
ola_mES_2i_2_48,1
ola_mES_2i_2_49,1
ola_mES_2i_2_5,1
ola_mES_2i_2_50,1
ola_mES_2i_2_51,1
ola_mES_2i_2_52,1
ola_mES_2i_2_53,1
ola_mES_2i_2_54,1
ola_mES_2i_2_55,1
ola_mES_2i_2_56,1
ola_mES_2i_2_57,1
ola_mES_2i_2_58,1
ola_mES_2i_2_59,1
ola_mES_2i_2_6,1
ola_mES_2i_2_60,1
ola_mES_2i_2_61,1
ola_mES_2i_2_62,1
ola_mES_2i_2_63,1
ola_mES_2i_2_64,1
ola_mES_2i_2_66,1
ola_mES_2i_2_67,1
ola_mES_2i_2_68,1
ola_mES_2i_2_69,1
ola_mES_2i_2_7,1
ola_mES_2i_2_72,1
ola_mES_2i_2_73,1
ola_mES_2i_2_74,1
ola_mES_2i_2_75,1
ola_mES_2i_2_76,1
ola_mES_2i_2_79,1
ola_mES_2i_2_8,1
ola_mES_2i_2_80,1
ola_mES_2i_2_81,1
ola_mES_2i_2_85,1
ola_mES_2i_2_86,1
ola_mES_2i_2_87,1
ola_mES_2i_2_90,1
ola_mES_2i_2_91,1
ola_mES_2i_2_93,1
ola_mES_2i_2_94,1
ola_mES_2i_2_95,1
ola_mES_2i_3_10,1
ola_mES_2i_3_11,1
ola_mES_2i_3_12,1
ola_mES_2i_3_13,1
ola_mES_2i_3_15,1
ola_mES_2i_3_16,1
ola_mES_2i_3_17,1
ola_mES_2i_3_18,1
ola_mES_2i_3_19,1
ola_mES_2i_3_2,1
ola_mES_2i_3_20,1
ola_mES_2i_3_21,1
ola_mES_2i_3_23,1
ola_mES_2i_3_25,1
ola_mES_2i_3_26,1
ola_mES_2i_3_28,1
ola_mES_2i_3_30,1
ola_mES_2i_3_31,1
ola_mES_2i_3_33,1
ola_mES_2i_3_36,1
ola_mES_2i_3_37,1
ola_mES_2i_3_38,1
ola_mES_2i_3_39,1
ola_mES_2i_3_4,1
ola_mES_2i_3_41,1
ola_mES_2i_3_42,1
ola_mES_2i_3_43,1
ola_mES_2i_3_45,1
ola_mES_2i_3_46,1
ola_mES_2i_3_47,1
ola_mES_2i_3_49,1
ola_mES_2i_3_5,1
ola_mES_2i_3_52,1
ola_mES_2i_3_54,1
ola_mES_2i_3_56,1
ola_mES_2i_3_57,1
ola_mES_2i_3_58,1
ola_mES_2i_3_6,1
ola_mES_2i_3_62,1
ola_mES_2i_3_65,1
ola_mES_2i_3_66,1
ola_mES_2i_3_69,1
ola_mES_2i_3_7,1
ola_mES_2i_3_73,1
ola_mES_2i_3_76,1
ola_mES_2i_3_77,1
ola_mES_2i_3_78,1
ola_mES_2i_3_79,1
ola_mES_2i_3_8,1
ola_mES_2i_3_80,1
ola_mES_2i_3_82,1
ola_mES_2i_3_83,1
ola_mES_2i_3_84,1
ola_mES_2i_3_87,1
ola_mES_2i_3_88,1
ola_mES_2i_3_90,1
ola_mES_2i_3_91,1
ola_mES_2i_3_92,1
ola_mES_2i_3_96,1
ola_mES_2i_4_1,1
ola_mES_2i_4_10,1
ola_mES_2i_4_11,1
ola_mES_2i_4_13,1
ola_mES_2i_4_17,1
ola_mES_2i_4_18,1
ola_mES_2i_4_2,1
ola_mES_2i_4_20,1
ola_mES_2i_4_21,1
ola_mES_2i_4_22,1
ola_mES_2i_4_23,1
ola_mES_2i_4_24,1
ola_mES_2i_4_25,1
ola_mES_2i_4_26,1
ola_mES_2i_4_27,1
ola_mES_2i_4_29,1
ola_mES_2i_4_30,1
ola_mES_2i_4_31,1
ola_mES_2i_4_32,1
ola_mES_2i_4_33,1
ola_mES_2i_4_34,1
ola_mES_2i_4_35,1
ola_mES_2i_4_36,1
ola_mES_2i_4_37,1
ola_mES_2i_4_38,1
ola_mES_2i_4_39,1
ola_mES_2i_4_40,1
ola_mES_2i_4_42,1
ola_mES_2i_4_43,1
ola_mES_2i_4_44,1
ola_mES_2i_4_46,1
ola_mES_2i_4_49,1
ola_mES_2i_4_5,1
ola_mES_2i_4_50,1
ola_mES_2i_4_52,1
ola_mES_2i_4_53,1
ola_mES_2i_4_54,1
ola_mES_2i_4_56,1
ola_mES_2i_4_57,1
ola_mES_2i_4_58,1
ola_mES_2i_4_59,1
ola_mES_2i_4_6,1
ola_mES_2i_4_60,1
ola_mES_2i_4_61,1
ola_mES_2i_4_62,1
ola_mES_2i_4_63,1
ola_mES_2i_4_64,1
ola_mES_2i_4_65,1
ola_mES_2i_4_66,1
ola_mES_2i_4_67,1
ola_mES_2i_4_68,1
ola_mES_2i_4_69,1
ola_mES_2i_4_7,1
ola_mES_2i_4_70,1
ola_mES_2i_4_71,1
ola_mES_2i_4_72,1
ola_mES_2i_4_73,1
ola_mES_2i_4_75,1
ola_mES_2i_4_77,1
ola_mES_2i_4_78,1
ola_mES_2i_4_80,1
ola_mES_2i_4_81,1
ola_mES_2i_4_83,1
ola_mES_2i_4_84,1
ola_mES_2i_4_88,1
ola_mES_2i_4_89,1
ola_mES_2i_4_9,1
ola_mES_2i_4_90,1
ola_mES_2i_4_91,1
ola_mES_2i_4_94,1
ola_mES_2i_4_95,1
ola_mES_2i_4_96,1
ola_mES_2i_5_1,1
ola_mES_2i_5_10,1
ola_mES_2i_5_11,1
ola_mES_2i_5_12,1
ola_mES_2i_5_13,1
ola_mES_2i_5_14,1
ola_mES_2i_5_15,1
ola_mES_2i_5_16,1
ola_mES_2i_5_17,1
ola_mES_2i_5_18,1
ola_mES_2i_5_19,1
ola_mES_2i_5_2,1
ola_mES_2i_5_20,1
ola_mES_2i_5_21,1
ola_mES_2i_5_23,1
ola_mES_2i_5_24,1
ola_mES_2i_5_25,1
ola_mES_2i_5_26,1
ola_mES_2i_5_27,1
ola_mES_2i_5_28,1
ola_mES_2i_5_29,1
ola_mES_2i_5_3,1
ola_mES_2i_5_30,1
ola_mES_2i_5_31,1
ola_mES_2i_5_32,1
ola_mES_2i_5_34,1
ola_mES_2i_5_35,1
ola_mES_2i_5_36,1
ola_mES_2i_5_38,1
ola_mES_2i_5_39,1
ola_mES_2i_5_4,1
ola_mES_2i_5_40,1
ola_mES_2i_5_41,1
ola_mES_2i_5_42,1
ola_mES_2i_5_44,1
ola_mES_2i_5_45,1
ola_mES_2i_5_46,1
ola_mES_2i_5_47,1
ola_mES_2i_5_48,1
ola_mES_2i_5_49,1
ola_mES_2i_5_5,1
ola_mES_2i_5_51,1
ola_mES_2i_5_52,1
ola_mES_2i_5_53,1
ola_mES_2i_5_54,1
ola_mES_2i_5_55,1
ola_mES_2i_5_56,1
ola_mES_2i_5_57,1
ola_mES_2i_5_58,1
ola_mES_2i_5_59,1
ola_mES_2i_5_6,1
ola_mES_2i_5_61,1
ola_mES_2i_5_62,1
ola_mES_2i_5_63,1
ola_mES_2i_5_65,1
ola_mES_2i_5_66,1
ola_mES_2i_5_67,1
ola_mES_2i_5_68,1
ola_mES_2i_5_69,1
ola_mES_2i_5_7,1
ola_mES_2i_5_70,1
ola_mES_2i_5_72,1
ola_mES_2i_5_73,1
ola_mES_2i_5_74,1
ola_mES_2i_5_75,1
ola_mES_2i_5_76,1
ola_mES_2i_5_77,1
ola_mES_2i_5_78,1
ola_mES_2i_5_8,1
ola_mES_2i_5_81,1
ola_mES_2i_5_82,1
ola_mES_2i_5_83,1
ola_mES_2i_5_85,1
ola_mES_2i_5_86,1
ola_mES_2i_5_87,1
ola_mES_2i_5_88,1
ola_mES_2i_5_9,1
ola_mES_2i_5_90,1
ola_mES_2i_5_92,1
ola_mES_2i_5_94,1
ola_mES_2i_5_95,1
ola_mES_2i_5_96,1
ola_mES_a2i_2_1,2
ola_mES_a2i_2_10,2
ola_mES_a2i_2_11,2
ola_mES_a2i_2_12,2
ola_mES_a2i_2_13,2
ola_mES_a2i_2_14,2
ola_mES_a2i_2_15,2
ola_mES_a2i_2_16,2
ola_mES_a2i_2_17,2
ola_mES_a2i_2_18,2
ola_mES_a2i_2_19,2
ola_mES_a2i_2_2,2
ola_mES_a2i_2_20,2
ola_mES_a2i_2_21,2
ola_mES_a2i_2_22,2
ola_mES_a2i_2_23,2
ola_mES_a2i_2_24,2
ola_mES_a2i_2_25,2
ola_mES_a2i_2_26,2
ola_mES_a2i_2_27,2
ola_mES_a2i_2_28,2
ola_mES_a2i_2_29,2
ola_mES_a2i_2_3,2
ola_mES_a2i_2_30,2
ola_mES_a2i_2_31,2
ola_mES_a2i_2_32,2
ola_mES_a2i_2_33,2
ola_mES_a2i_2_34,2
ola_mES_a2i_2_35,2
ola_mES_a2i_2_36,2
ola_mES_a2i_2_37,2
ola_mES_a2i_2_38,2
ola_mES_a2i_2_39,2
ola_mES_a2i_2_4,2
ola_mES_a2i_2_40,2
ola_mES_a2i_2_41,2
ola_mES_a2i_2_42,2
ola_mES_a2i_2_43,2
ola_mES_a2i_2_44,2
ola_mES_a2i_2_45,2
ola_mES_a2i_2_46,2
ola_mES_a2i_2_47,2
ola_mES_a2i_2_48,2
ola_mES_a2i_2_49,2
ola_mES_a2i_2_5,2
ola_mES_a2i_2_50,2
ola_mES_a2i_2_51,2
ola_mES_a2i_2_52,2
ola_mES_a2i_2_53,2
ola_mES_a2i_2_54,2
ola_mES_a2i_2_55,2
ola_mES_a2i_2_56,2
ola_mES_a2i_2_57,2
ola_mES_a2i_2_59,2
ola_mES_a2i_2_6,2
ola_mES_a2i_2_60,2
ola_mES_a2i_2_61,2
ola_mES_a2i_2_62,2
ola_mES_a2i_2_63,2
ola_mES_a2i_2_64,2
ola_mES_a2i_2_65,2
ola_mES_a2i_2_66,2
ola_mES_a2i_2_67,2
ola_mES_a2i_2_68,2
ola_mES_a2i_2_69,2
ola_mES_a2i_2_7,2
ola_mES_a2i_2_70,2
ola_mES_a2i_2_71,2
ola_mES_a2i_2_72,2
ola_mES_a2i_2_73,2
ola_mES_a2i_2_74,2
ola_mES_a2i_2_75,2
ola_mES_a2i_2_76,2
ola_mES_a2i_2_77,2
ola_mES_a2i_2_78,2
ola_mES_a2i_2_8,2
ola_mES_a2i_2_80,2
ola_mES_a2i_2_81,2
ola_mES_a2i_2_82,2
ola_mES_a2i_2_83,2
ola_mES_a2i_2_84,2
ola_mES_a2i_2_86,2
ola_mES_a2i_2_87,2
ola_mES_a2i_2_88,2
ola_mES_a2i_2_89,2
ola_mES_a2i_2_9,2
ola_mES_a2i_2_90,2
ola_mES_a2i_2_91,2
ola_mES_a2i_2_92,2
ola_mES_a2i_2_93,2
ola_mES_a2i_2_94,2
ola_mES_a2i_2_95,2
ola_mES_a2i_2_96,2
ola_mES_a2i_3_10,2
ola_mES_a2i_3_11,2
ola_mES_a2i_3_13,2
ola_mES_a2i_3_16,2
ola_mES_a2i_3_17,2
ola_mES_a2i_3_18,2
ola_mES_a2i_3_2,2
ola_mES_a2i_3_20,2
ola_mES_a2i_3_21,2
ola_mES_a2i_3_22,2
ola_mES_a2i_3_24,2
ola_mES_a2i_3_25,2
ola_mES_a2i_3_26,2
ola_mES_a2i_3_28,2
ola_mES_a2i_3_29,2
ola_mES_a2i_3_3,2
ola_mES_a2i_3_30,2
ola_mES_a2i_3_31,2
ola_mES_a2i_3_33,2
ola_mES_a2i_3_34,2
ola_mES_a2i_3_37,2
ola_mES_a2i_3_38,2
ola_mES_a2i_3_39,2
ola_mES_a2i_3_4,2
ola_mES_a2i_3_40,2
ola_mES_a2i_3_41,2
ola_mES_a2i_3_42,2
ola_mES_a2i_3_44,2
ola_mES_a2i_3_45,2
ola_mES_a2i_3_47,2
ola_mES_a2i_3_49,2
ola_mES_a2i_3_50,2
ola_mES_a2i_3_52,2
ola_mES_a2i_3_54,2
ola_mES_a2i_3_56,2
ola_mES_a2i_3_58,2
ola_mES_a2i_3_59,2
ola_mES_a2i_3_6,2
ola_mES_a2i_3_62,2
ola_mES_a2i_3_64,2
ola_mES_a2i_3_65,2
ola_mES_a2i_3_66,2
ola_mES_a2i_3_67,2
ola_mES_a2i_3_68,2
ola_mES_a2i_3_69,2
ola_mES_a2i_3_7,2
ola_mES_a2i_3_71,2
ola_mES_a2i_3_73,2
ola_mES_a2i_3_75,2
ola_mES_a2i_3_76,2
ola_mES_a2i_3_77,2
ola_mES_a2i_3_8,2
ola_mES_a2i_3_80,2
ola_mES_a2i_3_81,2
ola_mES_a2i_3_82,2
ola_mES_a2i_3_83,2
ola_mES_a2i_3_84,2
ola_mES_a2i_3_85,2
ola_mES_a2i_3_86,2
ola_mES_a2i_3_89,2
ola_mES_a2i_3_9,2
ola_mES_a2i_3_90,2
ola_mES_a2i_3_91,2
ola_mES_a2i_3_92,2
ola_mES_a2i_3_94,2
ola_mES_a2i_3_96,2
ola_mES_lif_1_1,3
ola_mES_lif_1_10,3
ola_mES_lif_1_11,3
ola_mES_lif_1_12,3
ola_mES_lif_1_13,3
ola_mES_lif_1_14,3
ola_mES_lif_1_15,3
ola_mES_lif_1_17,3
ola_mES_lif_1_18,3
ola_mES_lif_1_19,3
ola_mES_lif_1_2,3
ola_mES_lif_1_20,3
ola_mES_lif_1_21,3
ola_mES_lif_1_22,3
ola_mES_lif_1_23,3
ola_mES_lif_1_24,3
ola_mES_lif_1_25,3
ola_mES_lif_1_26,3
ola_mES_lif_1_28,3
ola_mES_lif_1_29,3
ola_mES_lif_1_3,3
ola_mES_lif_1_30,3
ola_mES_lif_1_31,3
ola_mES_lif_1_32,3
ola_mES_lif_1_33,3
ola_mES_lif_1_34,3
ola_mES_lif_1_35,3
ola_mES_lif_1_36,3
ola_mES_lif_1_37,3
ola_mES_lif_1_38,3
ola_mES_lif_1_39,3
ola_mES_lif_1_4,3
ola_mES_lif_1_41,3
ola_mES_lif_1_42,3
ola_mES_lif_1_43,3
ola_mES_lif_1_44,3
ola_mES_lif_1_45,3
ola_mES_lif_1_46,3
ola_mES_lif_1_47,3
ola_mES_lif_1_48,3
ola_mES_lif_1_49,3
ola_mES_lif_1_5,3
ola_mES_lif_1_50,3
ola_mES_lif_1_51,3
ola_mES_lif_1_52,3
ola_mES_lif_1_53,3
ola_mES_lif_1_54,3
ola_mES_lif_1_55,3
ola_mES_lif_1_56,3
ola_mES_lif_1_57,3
ola_mES_lif_1_58,3
ola_mES_lif_1_59,3
ola_mES_lif_1_6,3
ola_mES_lif_1_60,3
ola_mES_lif_1_61,3
ola_mES_lif_1_62,3
ola_mES_lif_1_63,3
ola_mES_lif_1_64,3
ola_mES_lif_1_65,3
ola_mES_lif_1_66,3
ola_mES_lif_1_67,3
ola_mES_lif_1_68,3
ola_mES_lif_1_69,3
ola_mES_lif_1_7,3
ola_mES_lif_1_70,3
ola_mES_lif_1_72,3
ola_mES_lif_1_73,3
ola_mES_lif_1_74,3
ola_mES_lif_1_75,3
ola_mES_lif_1_79,3
ola_mES_lif_1_8,3
ola_mES_lif_1_80,3
ola_mES_lif_1_81,3
ola_mES_lif_1_82,3
ola_mES_lif_1_86,3
ola_mES_lif_1_9,3
ola_mES_lif_1_91,3
ola_mES_lif_1_92,3
ola_mES_lif_1_93,3
ola_mES_lif_1_95,3
ola_mES_lif_1_96,3
ola_mES_lif_2_1,3
ola_mES_lif_2_10,3
ola_mES_lif_2_11,3
ola_mES_lif_2_12,3
ola_mES_lif_2_13,3
ola_mES_lif_2_14,3
ola_mES_lif_2_15,3
ola_mES_lif_2_16,3
ola_mES_lif_2_17,3
ola_mES_lif_2_18,3
ola_mES_lif_2_19,3
ola_mES_lif_2_2,3
ola_mES_lif_2_20,3
ola_mES_lif_2_21,3
ola_mES_lif_2_23,3
ola_mES_lif_2_25,3
ola_mES_lif_2_26,3
ola_mES_lif_2_27,3
ola_mES_lif_2_28,3
ola_mES_lif_2_29,3
ola_mES_lif_2_3,3
ola_mES_lif_2_30,3
ola_mES_lif_2_31,3
ola_mES_lif_2_32,3
ola_mES_lif_2_33,3
ola_mES_lif_2_34,3
ola_mES_lif_2_35,3
ola_mES_lif_2_36,3
ola_mES_lif_2_37,3
ola_mES_lif_2_38,3
ola_mES_lif_2_39,3
ola_mES_lif_2_4,3
ola_mES_lif_2_40,3
ola_mES_lif_2_41,3
ola_mES_lif_2_42,3
ola_mES_lif_2_43,3
ola_mES_lif_2_44,3
ola_mES_lif_2_45,3
ola_mES_lif_2_46,3
ola_mES_lif_2_47,3
ola_mES_lif_2_48,3
ola_mES_lif_2_49,3
ola_mES_lif_2_5,3
ola_mES_lif_2_50,3
ola_mES_lif_2_51,3
ola_mES_lif_2_52,3
ola_mES_lif_2_53,3
ola_mES_lif_2_54,3
ola_mES_lif_2_55,3
ola_mES_lif_2_56,3
ola_mES_lif_2_57,3
ola_mES_lif_2_58,3
ola_mES_lif_2_59,3
ola_mES_lif_2_6,3
ola_mES_lif_2_60,3
ola_mES_lif_2_61,3
ola_mES_lif_2_63,3
ola_mES_lif_2_64,3
ola_mES_lif_2_65,3
ola_mES_lif_2_66,3
ola_mES_lif_2_67,3
ola_mES_lif_2_68,3
ola_mES_lif_2_69,3
ola_mES_lif_2_7,3
ola_mES_lif_2_70,3
ola_mES_lif_2_71,3
ola_mES_lif_2_72,3
ola_mES_lif_2_73,3
ola_mES_lif_2_74,3
ola_mES_lif_2_75,3
ola_mES_lif_2_76,3
ola_mES_lif_2_77,3
ola_mES_lif_2_79,3
ola_mES_lif_2_8,3
ola_mES_lif_2_80,3
ola_mES_lif_2_81,3
ola_mES_lif_2_82,3
ola_mES_lif_2_83,3
ola_mES_lif_2_84,3
ola_mES_lif_2_86,3
ola_mES_lif_2_87,3
ola_mES_lif_2_89,3
ola_mES_lif_2_9,3
ola_mES_lif_2_90,3
ola_mES_lif_2_91,3
ola_mES_lif_2_92,3
ola_mES_lif_2_93,3
ola_mES_lif_2_94,3
ola_mES_lif_2_95,3
ola_mES_lif_2_96,3
ola_mES_lif_3_1,3
ola_mES_lif_3_10,3
ola_mES_lif_3_11,3
ola_mES_lif_3_12,3
ola_mES_lif_3_13,3
ola_mES_lif_3_14,3
ola_mES_lif_3_15,3
ola_mES_lif_3_16,3
ola_mES_lif_3_17,3
ola_mES_lif_3_19,3
ola_mES_lif_3_2,3
ola_mES_lif_3_20,3
ola_mES_lif_3_21,3
ola_mES_lif_3_22,3
ola_mES_lif_3_23,3
ola_mES_lif_3_24,3
ola_mES_lif_3_26,3
ola_mES_lif_3_27,3
ola_mES_lif_3_28,3
ola_mES_lif_3_29,3
ola_mES_lif_3_3,3
ola_mES_lif_3_30,3
ola_mES_lif_3_31,3
ola_mES_lif_3_32,3
ola_mES_lif_3_33,3
ola_mES_lif_3_34,3
ola_mES_lif_3_35,3
ola_mES_lif_3_36,3
ola_mES_lif_3_37,3
ola_mES_lif_3_38,3
ola_mES_lif_3_39,3
ola_mES_lif_3_4,3
ola_mES_lif_3_40,3
ola_mES_lif_3_42,3
ola_mES_lif_3_45,3
ola_mES_lif_3_46,3
ola_mES_lif_3_47,3
ola_mES_lif_3_48,3
ola_mES_lif_3_49,3
ola_mES_lif_3_5,3
ola_mES_lif_3_50,3
ola_mES_lif_3_51,3
ola_mES_lif_3_52,3
ola_mES_lif_3_53,3
ola_mES_lif_3_54,3
ola_mES_lif_3_56,3
ola_mES_lif_3_57,3
ola_mES_lif_3_58,3
ola_mES_lif_3_59,3
ola_mES_lif_3_6,3
ola_mES_lif_3_60,3
ola_mES_lif_3_61,3
ola_mES_lif_3_63,3
ola_mES_lif_3_64,3
ola_mES_lif_3_65,3
ola_mES_lif_3_69,3
ola_mES_lif_3_70,3
ola_mES_lif_3_71,3
ola_mES_lif_3_72,3
ola_mES_lif_3_73,3
ola_mES_lif_3_74,3
ola_mES_lif_3_75,3
ola_mES_lif_3_76,3
ola_mES_lif_3_77,3
ola_mES_lif_3_78,3
ola_mES_lif_3_8,3
ola_mES_lif_3_80,3
ola_mES_lif_3_82,3
ola_mES_lif_3_83,3
ola_mES_lif_3_84,3
ola_mES_lif_3_87,3
ola_mES_lif_3_88,3
ola_mES_lif_3_89,3
ola_mES_lif_3_9,3
ola_mES_lif_3_90,3
ola_mES_lif_3_92,3
ola_mES_lif_3_94,3
ola_mES_lif_3_95,3
ola_mES_lif_3_96,3
